"id","review","class"
"39","Make it like better with a giant pig bigger than king pig.","feature request"
"42","These screens are small enough without crowding in more stuff  Tuck it in with the rest of the add ons I never use and please get it out of my face!","information giving"
"49","Dear Rovio; If you absolutely must continue trying to squeeze dollars from your customers this way, at least have the decency to include an opt out for those like myself who are absolutely NOT going to spend an amount equal to what I paid for the app in the first place just to have some gimmicky and expendable in game item.","information giving"
"56","App crashes when new power up notice pops up.","problem discovery"
"62","It would be nice to have an update that didn  t crash the app.","information giving"
"63","App crashes with new release.","problem discovery"
"67","I have had no problems with any of the versions so far.","information giving"
"68","Please bring back the trajectory line or at least make it to where you can turn it on or off.","feature request"
"69","This is not worth buying it will crash right from the beginning.","problem discovery"
"70","I will say you should make shock so close to the other buttons because I like to use the birds you provide.","feature request"
"70","That needs to change.","information giving"
"1588","Similarly every single app that gets updated to a beautiful ios7 look is one I will not update.","information giving"
"1591","This should Really be fixed!","problem discovery"
"1591","And you still can  t upload videos!!","problem discovery"
"1594","Is it just me, or is anyone else having the problem where the app won  t even open at all?","problem discovery"
"1594","I need to save my photos.","feature request"
"1615","I  ve never had any issues with it and have been a user for years.","information giving"
"1619","The app doesn  t work unless you have the iOS 7 update and not all devices have that update so they should really fix this.","problem discovery"
"1621","I now see that you must have IO7 or better for the app.","information giving"
"1624","Please, please give us the ability to rename files from this app.","feature request"
"1629","I  ll rate 5 once you can view '.'","information giving"
"1633","I still cannot believe that the team at Dropbox STILL hasn?","information giving"
"1635","Sez needs software update but Apple sez software is uptodate.","problem discovery"
"1637","It would allow me to get work done on my phone and edit files on the go for projects.","information giving"
"1638","Only thing is they need to offer better customized pricing for upgrade plans.","feature request"
"1640","Please, please FIX this video upload issue.","problem discovery"
"1640","\nI would turn off automatic uploads, but i need my regular photos to upload.","information giving"
"1644","Please please please these are easy changes...it used to be this way so make it go back!!!","information giving"
"1645","Please fix the syncing issues with the iPad app.","problem discovery"
"1645","Trying to automate it would be good if it worked, but it doesn  t. ,","problem discovery"
"1646","Why everything is so white?","information seeking"
"1646","The pictures show a white background just like the iOS7 photo app.","information giving"
"1651","U Dropbox employers improved mostly everything, but in the app it should have the ability to rename files, whereas the web version can.","feature request"
"1653","Ask me if I would like to use background uploading only once and remember my preference   don  t pester me every time I open the app to turn that feature on.","feature request"
"3793","I  ve been a loyal EN fan for years but just this week it  s frozen and after reinstalling on both my iPad and iPhone, it crashes each time I open it.","problem discovery"
"3793","Holidays are here and I  m a disorganized mess without EN!","information giving"
"3796","For some reason, it doesn  t quite feel user friendly to me just yet.","problem discovery"
"3799","And it  s all available on iPad and iPhone.","information giving"
"3800","Latest version crashes on launch on my iPad in iOS 7.","problem discovery"
"3801","I need my notes!","problem discovery"
"3803","Contacted Evernote support.....they are working on the fix.","information giving"
"3805","240 notes I can  t see.","information giving"
"3806","It crashes all the time and the only way I can resolve is uninstall/reinstall the app.","problem discovery"
"3808","The new version crashes on startup on my iPhone and iPad.","problem discovery"
"3809","Deleting app and reinstalling does not work either.","problem discovery"
"3811","The latest version crashes on launch for my iPhone 5s.","problem discovery"
"3814","This is the third update in 3 months that has crashed upon installation for me.","problem discovery"
"3817","Just crashes.","problem discovery"
"3820","Got the latest update and now it will not open on my phone.","information giving"
"3820","Please fix this ASAP.","information giving"
"3826","Now, it crashes when loading.","problem discovery"
"3826","Please fix it!","information giving"
"3828","The latest interface is substandard from a useability standpoint besides being ugly, and the latest version will not launch on my iPhone 5.","information giving"
"3830","Do not update.","information giving"
"3831","Latest update crashes every time on startup on 5S.","problem discovery"
"3833","I count on Evernote for many things across many devices but now the app just crashes on my iPhone 5.","problem discovery"
"3833","Please fix it or at least let us know you are working on this ,","information giving"
"3834","Latest update crashes!","problem discovery"
"3836","If you are having problems with the latest Evernote update here  s the fix:\n\nIf you installed the latest update &amp; Evernote is still crashing:\n\nGo to Settings, Privacy, Contacts look for Evernote &amp; select OFF.","information giving"
"3837","Just crashes shortly upon launch.","problem discovery"
"3837","Evernote please fix ASAP ,","information giving"
"3840","I will not use a note application I can  t trust not to lose my information.","information giving"
"3841","Since IOS 7,2, it continues to crash upon opening.","problem discovery"
"3844","It let me down AT THE HOSPITAL where I needed Medication List, Healthcare Power of Attorney and Living Will.","problem discovery"
"3844","Epic FAIL ,","problem discovery"
"3846","Don  t upgrade, newest version has a connectivity problem with wifi and won  t open.","problem discovery"
"3849","Even after clean install this app crashes over and over ;(\nGuys, please test updates before releasing them.","problem discovery"
"3852","How could this app fail so completely?","information seeking"
"3853","They made it so complicated n difficult to use (it was a lot more easier few updates ago), I have no idea how to add a note.","information seeking"
"3854","It won  t remain open for more than 10 seconds before it crashes.","problem discovery"
"3854","\n\nDeletion and reinstallation of the app has yet to resolve the issue.","problem discovery"
"3855","App keeps freezing and then it crashes.","problem discovery"
"3857","But upon latest upgrade crashes on open.","problem discovery"
"3857","Do not upgrade on iPad.","information giving"
"3857","Very disappointed I can  t access my info as premium user.","problem discovery"
"3858","The newest update crashes repeatedly!","problem discovery"
"3858","Do not update!","information giving"
"3859","Now I can  t access any of my notes.","problem discovery"
"3862","After the latest upgrades, there were issues and now it crashes and I cannot access anything.","problem discovery"
"3862","Please fix it!","information giving"
"3864","I have tried to delete and reinstall but that didn  t fix the problem.","information giving"
"3867","New version crashes every time on iPhone 5.","problem discovery"
"3867","Please get a fix out soon.","feature request"
"3868","The new version did not crash in my hand because I deleted it in 5 min and went back to the old version by syncing with iTunes library on my PC.","information giving"
"3868","\nThe biggest problem for the new version is   people like me having 30 notebooks and 80 tags have big trouble switching between notes.","problem discovery"
"3868","You have to tap several times between each switch.","problem discovery"
"3868","\n\nThe second problem is the ugly interface, probably for matching the ugly icons of iOS 7?","problem discovery"
"3869","It crashes.","problem discovery"
"3871","mwingerski ,  If this development team focus on making the App WORK rather than always adding new features I might give this five stars \nNew features are totally worthless if I can  t even open the app after it updates\nDon  t bother sending a support request from within the app because no one ever reads it even if you are a premium subscriber ,","problem discovery"
"3872","'Unable to sync' this is a past problem.","problem discovery"
"3872","\nThought I resolved problem when I uninstalled and reinstalled app on my iPhone.","information giving"
"3875","Recent update causes Evernote on iOS to fail.","problem discovery"
"3876","Whit screen of death...can  t even use ,","problem discovery"
"3878","I don  t have a problem paying for Premium, but not when it includes something so basic and essential that it  s a joke to have to pay for.","problem discovery"
"3881","Where is your QA?","information seeking"
"3882","Update crashes all the time.","problem discovery"
"3885","Once again Evernote has launched an update that crashes on both my iPad and iPhone 5S.","problem discovery"
"3886","I even have the Premium version and bought several books on how to use the tool.","information giving"
"3886","I think the power just takes a while to understand for each user.","information giving"
"3887","Extending the brand into notebooks, backpacks, coffee mugs and T shirts works for Starbucks because the coffee tastes good and is reliably available.","information giving"
"3889","Do not update.","information giving"
"3890","The last update crashes upon opening on iPad and iPhone!","problem discovery"
"3891","It tries to open for a few seconds then crashes to home screen.","problem discovery"
"3891","I tried uninstalling rebooting reinstall but the same result occurs.","problem discovery"
"3891","Please fix this ASAP!","problem discovery"
"3895","New version crashes on both iPad 2 and iPhone 4S.","problem discovery"
"3899","Please fix app.","problem discovery"
"3900","Updates crashes 5s\nClean install same\n\nEvernote help no help\nEvernote you.","problem discovery"
"3902","I like it and it  s available in all platforms.","information giving"
"3904","I love Evernote and have become very reliant on it, one of the apps I can  t do without however I am without it now because it crashes on open and will not open on iPhone.","problem discovery"
"3906","Tried to delete and reinstall but it still crashes.","problem discovery"
"3907","Sclathos ,  Evernote is not working after upgrade.","problem discovery"
"3907","It will open but then it crashes and sometimes re opens on its own.","problem discovery"
"3907","You can  t open any notes when it does load.","problem discovery"
"3908","When I try to take a photo as a note, the app crashes.","problem discovery"
"3909","7.2 completely crashes on startup on iphone 5 and ipad 3.","problem discovery"
"3911","App crashes on update, even after reboot and reinstall.","problem discovery"
"3911","Please address issue.","problem discovery"
"3913","One of my all time favorite apps, however the latest update makes it unable as it freezes and crashes.","problem discovery"
"3914","It  s a great program,  but since the last update last night, it just crashes every time I open it.","problem discovery"
"3914","\n\nI uninstalled it, reinstalled it, still crashes.","problem discovery"
"3914","I uninstalled it, did a clean boot, installed again, still crashes, Evernote, please fix this ASAP.","problem discovery"
"16048","You must get this app one of the best.","information giving"
"16055","Probably the best app available so easy to use and it makes a lot of fun\nLove using it on my iPhone too ,","information giving"
"16063","Also has practical uses...show pictures to hair stylist, pin recipes so you know what you need at the store, etc ,","information giving"
"16075","I love this app, i think it is the best out there i recommend this to anyone who loves to kill time on their computer!","information giving"
"16086","Only complaint is you can  t change then orientation, which is especially bothersome for videos.","problem discovery"
"16088","This is a little inconvenient and could be improved.","feature request"
"16102","I do not feel the need to be notified when someone creates a new board.","information giving"
"16106","I haven  t had any problems with this app.","information giving"
"16113","It is so much fun and gives you so many ideas of how to approach life ,","information giving"
"16114","There are also great cleaning ideas and personal ideas like how to make your own facial scrub!","information giving"
"16132","My only problem with Pinterest is I lose track of time when I  m on it.","problem discovery"
"16135","It would be nice if it would let you start typing the name of the board and it would pull it up.","feature request"
"16141","Thank you for adding more secret boards!","information giving"
"16154","I have lots of recipes on here and when I  m trying to find that recipe I made a year ago so I can make dinner, it  s frustrating that I can  t search for it and find it quickly.","information giving"
"16156","Some minor problems happens often but still love this app!","problem discovery"
"16157","You can use it for anything and it  s so easy to use.","information giving"
"16164","If there is a way to do this, it isn  t intuitive.","problem discovery"
"16164",": / I  m kinda technologically challenged, I admit, but ideally the app should be programmed and designed with people like me in mind!","feature request"
"16178","It  s always up to date and never crashes!","information giving"
"16183","The only issue is that the search function for your own pins is not very accurate.","problem discovery"
"16185","Its good but it can use a bit of an improvement, like sometimes the pictures just doesnt show and it takes a while for it to get back but that would be it ,","problem discovery"
"16189","Works smoothly and easily, every time I use the app...can  t say that about all apps.","information giving"
"16190","Love this app, and it  s not crashing for me anymore!!","information giving"
"16195","I wish there was a way to put my boards in alphabetical order without moving them all individually.","feature request"
"16199","I love that you are now able to pin from your clipboard!","information giving"
"16206","I like everything about this app except the fact that I can  t pin anything from my iPhone!","information giving"
"16215","My only complaint would be that if a pin is reported as a possible threat why isn  t it removed?","information seeking"
"16221","Haven  t had any problems on iPhone 5!","information giving"
"16227","When I wake up in the middle of the night I just grab my phone and start pinning!","information giving"
"16234","Please fix this problem and let us pin more than that.","problem discovery"
"16240","The app on my iPad regularly crashes.","problem discovery"
"16244","I can be bombarded with ads anywhere   I don  t need to sit and browse through them.","problem discovery"
"16245","I  ve never had an issue with it crashing.","information giving"
"16254","My only problem with it is the fact I say just 2 more minutes and they turn into hours!","information giving"
"16256","However, it has crashed a couple of times recently on the iPad.","problem discovery"
"16262","I might use it 50 times a day just for home made goodies alone.","information giving"
"16274","\n Absolutely HATE the new way they list the categories with a picture....please go back to the old list...or let us choose which we  d like to use.","information giving"
"16281","They updated the app and it is a lot better.","information giving"
"16284","Luckily I don  t have the crashing issue or I would probably have to cry, lol.","information giving"
"16284","I could not tell you how many fun ideas I have tried and loved because of Pinterest.","information giving"
"16298","I think it  s much easier to pin things on the app than it is to pin them on the website.","information giving"
"16317","I love looking at wedding stuff to help me plan my upcoming wedding.","information giving"
"16332","I like pinterest a lot, but it really needs to be managed better.","feature request"
"16332","Adding 12/24/13  do not like updated fragmented boards.","information giving"
"16343","Use it just about everyday.","information giving"
"16344","Frequent app crashes on my iPad, please fix this bug!","problem discovery"
"16349","Pinterest is my go to when I need an idea for anything (hair styles, crafting, cooking, whatever!)","information giving"
"16354","\n\n~update for new version~\n\nI preferred the last layout and it STILL crashes when the orientation changes (and at random, too).","problem discovery"
"16354","Why put the effort into a new layout and not fix major bugs?","problem discovery"
"16356","I feel that they need to remove them.","feature request"
"16361","Will think of other improvements that may be needed when I think of them.","information giving"
"16378","Please fix the bugs!!","problem discovery"
"16382","Does the job you need it for but occasional crashes (I use it daily and it probably crashes once a week) can be a nuisance, but just briefly.","problem discovery"
"16389","Will,lock up,and crash often.","problem discovery"
"16391","Sha  chey Renee ,  This new update crashes when I click on images and I can  t see my followers and who  s following me please change this ,","problem discovery"
"16396","I would have given it 5 stars except it crashes for no reason &amp; whatever you were looking at is lost.","problem discovery"
"16396","Why was this feature removed?","information seeking"
"16397","Please fix this soon!!","problem discovery"
"16398","I want to change the covers on my boards, but you can  t do that in this update, please fix it or if you got rid of it, please bring it back!","problem discovery"
"16402","However, in the last update something happened and now the app crashes constantly and when I can get in, all my pictures are gone.","problem discovery"
"16402","Please fix this soon!!","problem discovery"
"16409","The only thing is it crashes a lot!","problem discovery"
"16413","HomelessDragon ,  Says I need to grant access to log in via Facebook.","information giving"
"16421","I find it very annoying that Pinterest keeps crashing literally every few minutes...didn  t have this problem before.","problem discovery"
"16423","It will work fine sometimes, but since the new update if I leave and come back to the app the images won  t show up.","problem discovery"
"16425","Please change it back to how it was before.","feature request"
"16427","I  ve seen many people have this issue, and currently mine takes up 1.5 gb of my memory because it saves every single photo u pin or look at in the cache.","problem discovery"
"16428","Never had an issue with it.","information giving"
"16429","Very annoyed that I can  t delete pins from notifications tab.","feature request"
"16443","Whether I need some inspiration in planning a birthday party, motivation to work out, or outfit ideas, Pinterest is my first stop!","information giving"
"16446","It is the one if the best apps ever created and is very useful and fun to look at.","information giving"
"16446","It  s cool how you can save the things you like as well.","information giving"
"16446","\n   \n However, I don  t know if there is a way to contact Pinterest in order to suggest ideas for the app  s improvement.","information seeking"
"16446","\n I would like to suggest the idea that Pinterest create folders for our boards.","feature request"
"16452","I think we should get more.","feature request"
"16454","Now I have to scroll through all of them instead of just touching a letter to find the board.","problem discovery"
"16456","I just love this app ,","information giving"
"16473","It is great to be able to see the details I need without wasting paper or taking up a lot of space on my small table.","information giving"
"16477","My iPad no longer crashes, so I  m a happy camper about that.","information giving"
"16480","Please undo this terrible update!!!!","problem discovery"
"16490","While aesthetically better looking, it does not work well.","problem discovery"
"16492","The new updates are causing problems...first it was crashing my iPad almost every day.","problem discovery"
"16492","Now, it won  t load correctly (pictures missing) and my boards are missing cover pics, which I can  t even edit because there  s no option to change the picture anymore.","problem discovery"
"16496","Smash lover ,  Pinterest, is like a social media drug once you have a little you need a lot!!!!!","information giving"
"16497","Bdmama13 ,  I love the app but I can  t pin from etsy or other websites with the Pinterest button on the iPad mini.","problem discovery"
"16505","Wouldn  t let me update the app.","problem discovery"
"16507","Since update can  t login with my Fb acct!","problem discovery"
"16509","The app was great, please fix!","information giving"
"16510","I want to know if anybody is having the problem about an update on Pinterest!","information seeking"
"16510","I need my App back!!!","information giving"
"16511","When I try to update it says that the app is no longer available.","problem discovery"
"16513","I cant get the app it says its no longer available ,","problem discovery"
"16514","Trying to update and keeps saying the item  I  m trying to purchase is not available.","problem discovery"
"16514","Um I  m not trying to purchase I  m trying to update please fix ASAP now it  s saying can  t connect to iTunes  I  m getting frustrated ,","problem discovery"
"16516","I uninstalled it because when I tried to update it said What you  ve tried to buy is no longer available.","problem discovery"
"16516","Now I can  t reinstall.","problem discovery"
"16517","I was trying to update my phone but it  s telling me that Pinterest is no longer available.","problem discovery"
"16519","When the update came I tried to update it but it said that It wouldn  t let me.","problem discovery"
"16520","I love Pinterest and always wished there was some way to go easily from pin to pin on a board or category.","information giving"
"16520","I was excited to see that they added the swiping feature in the latest update.","information giving"
"16521","Tried to update this app (the update is for bug fixes) and it tells me the item I  m trying to buy is no longer available!!!","problem discovery"
"16522","Now it says not available to purchase.","problem discovery"
"16523","For some reason it  s not letting me update &amp; 'this update is no longer available' and then it deleted my app","problem discovery"
"16525","So, I tried uninstalling and reinstalling it, but now it won  t let me download the app.","problem discovery"
"16525","It says 'The item you tried to buy is no longer available.'","problem discovery"
"16527","grlnxtdr2u978 ,  My Pinterest app is saying it needs an update but I am getting this message when I choose update.","information giving"
"16529","Can I not download the app?","information seeking"
"16533","It says it  s no longer available!","information giving"
"16545","What happened?","information seeking"
"16545","What happened?","information seeking"
"16548","magirlokmynameisnicky ,  It won  t let me create an account at all I think it is a bug or something.","problem discovery"
"16550","What is the problem since the update?","information seeking"
"16554","Of course I adore Pinterest but the app always has bugs and the last update has made Pinterest completely unusable.","problem discovery"
"16554","I need my Pinterest!!!","information giving"
"16558","I can  t even open the app after it  s latest update!","problem discovery"
"16560","The only thing wrong is when I go to repin something, I go to write a description and click on the box but it crashes.","problem discovery"
"16561","I cannot access my notifications anymore and when I try to change captions I can  t. Why can  t I post comments anymore?!?!?!?!","problem discovery"
"16573","I love love Pintrest but hate that it sometimes crashes since iOS 7 has come out never had that problem before but for that issue a great app.","problem discovery"
"16582","You just put your finger on the pin picture and instantly you have options that POP up.","information giving"
"16584","Do not like the new update.","information giving"
"16585","Works great and I  ve nvr had a problem with it or gotten a bad idea off Pinterest ,","information giving"
"16587","The only issue I have is that it  s sensitive.","problem discovery"
"16588","Other than after I updated it it crashes every other time I use it!","problem discovery"
"16589","The only problem is when I get on, I don  t want to stop!","problem discovery"
"16591","I can look at pins, but I can  t do much else for the last two days.","problem discovery"
"16591","The app shuts down, won  t load some pins, and I can  t edit pins.","problem discovery"
"16598","It was perfect before I updated it 2 minutes ago.","problem discovery"
"16606","Love it because it is more portable than my computer so I can use it working out or cooking in the kitchen ,","information giving"
"16611","It  s like 3/4 of them are missing.","problem discovery"
"16613","With the updates, you forgot to put back to edit board cover for iPad users!!","problem discovery"
"16616","Pinterest is the best tool for fashion designers who needs to draw inspirations from different culture and historical era.","information giving"
"16619","Can  t view pins, all notifications have disappeared, crashes constantly.","problem discovery"
"16634","\nWish i could have more than 3 secret boards, please add the feature.","feature request"
"16635","Online hoarding, what could be better?","information giving"
"16645","Please fix this bug problem Thank you.","problem discovery"
"16647","Way to fail Pinterest.","problem discovery"
"16657","This App as created an addition for Pinterest that I didn  t have before.","information giving"
"16684","the app is amazing in my iphone but when I use it on my computer its annoying when I have to pin because it isnt fast to do it so I dont like in my computer I just rather to use it on my iphone, but besides that I just love it!!!!","information giving"
"16695","I can  t live without it!!","information giving"
"16698","I liked having the letters on the side so I didn  t have to roll through my entire list of boards to pin something.","feature request"
"16702","Please find a way to sort the DIY and Etsy stuff apart from each other  it  s frustrating to click on a project only to find you  ve been diverted to an Etsy store.","feature request"
"16709","When you need any sort of idea, all you have to do is check Pinterest.","information giving"
"16711","I absolutely recommend Pinterest, although it is addicting!","information giving"
"16713","If you use Pinterest you need this app.","information giving"
"16729","Sometime I can  t click to go to websites but overall good app.","problem discovery"
"16743","I still feel all these larger companies should have the email synch up with my app so when I get an alert and click on the email it should go to my app not the web page.","feature request"
"16745","Now however I just like it  they decided to change the entire way you pin the look of everything and made all the type small and not as colorful and pleading to the eye.","information giving"
"16749","I would never be able to see so many of the wonderful things the world has to offer if not for Pinterest!","information giving"
"16750","Love using Pinterest to research all kinds of things and usually find info more appropriate for what I want to know then on other search engines!!","information giving"
"16757","However it constantly crashes and freezes!!!!!","problem discovery"
"16757","Love using the app but very very annoying they need to fix all the glitches !!!!!","problem discovery"
"16768","I love that if I need an idea for a craft or have a stain on my carpet I can find ideas or solution for just about everything.","information giving"
"16775","I learn how to do so many things from Pinterest.","information giving"
"16775","Learned how to cut my own hair.","information giving"
"16778","I don  t know why some people put one star but they made a mistake!","information giving"
"16778","How could you not love it ?","information seeking"
"16785","Up until like a week ago I  ve never had a problem with it before, so I don  t understand what  s going on now.","problem discovery"
"16785","They need to get this fixed and fast!","problem discovery"
"16786","\nMy only qualm is not being able to easily save pictures.","problem discovery"
"16786","That  s a minor issue, though.","information giving"
"16823","I love Pinterest &amp; the apps are more user friendly than the website, BUT there needs to be a way to mark where you stopped browsing on your home feed.","information giving"
"16830","App never crashes anymore.","information giving"
"16832","It  s helping me to plan a bunch of different things I want to accomplish in the future and I am so excited for that!","information giving"
"16849","There are quite a few pins that you click on and it will only pull up a picture or take you to a completely different page, but other than that, when you find those pages that take you right where you need to be, there  s a world of wonders out there!!","information giving"
"16856","Like any other App it might have its moments, but all in all it  s fantastic!","information giving"
"16859","So glad they made this into an app!","information giving"
"16887","Why did you change Pinterest with the last update?","information seeking"
"16887","Why do you change things that were not broken?","information seeking"
"16903","I have made many recipes and DIY projects.","information giving"
"16923","It has given me ideas in on how to renovate my kitchen, teach algebra to my kids, build a mud room, etc.","information giving"
"16933","Great site,  need to improve stability.","information giving"
"16934","There is anything and everything that you could ever want or think of on this one site!!","information giving"
"16936","I love that you can pin without having to click through a million different things.","information giving"
"16938","No crashes.","information giving"
"16939","Now that the app is better I need an app for more time in the day.","information giving"
"16945","I almost never have any issues with it except sometimes the notifications won  t refresh or sometimes the notifications take days to show up ,","problem discovery"
"16951","I think it  s cool you can swipe through apps, but I did like the feature when you could swipe back to the previous page ( which you can  t do anymore).","information giving"
"16963","Great ideas, like minded people, but the organization for my brain is the best!","information giving"
"16973","There have been times when the pins take a long time to load but overall it  s a great app and I recommend it to anyone.","information giving"
"16989","Ever since the iOS 7 update, the app crashes whenever I try to look at my notifications.","problem discovery"
"16990","Best app/site ever lots of information and you can find everything you need!","information giving"
"16996","I  ve never had any problems, always works well.","information giving"
"16997","Love it and the new easier way to pin by just holding down the item!","information giving"
"17003","And what happened to being able to pin a photo to my fb wall?","information seeking"
"17019","I love the app but it crashes only 5 minuets into searching and looking on it.","problem discovery"
"17020","It  s easy, works well, and is a million times more organized than I know how to be.","information giving"
"17022","I  m on it all the time, and love how you can organize your boards.","information giving"
"17029","I never have problems with crashing.","information giving"
"17042","Love Pinterest but the app crashes from time to time.","problem discovery"
"17054","It  s easy to use, and you can find anything you need with just a little searching and effort.","information giving"
"17065","Love Pinterest but will just crash when I try too look at pin notices.","problem discovery"
"17070","The only problem is I spend too much time on it!!!","problem discovery"
"17076","Only problems I have are there  s no multiple upload option.","problem discovery"
"17079","Would be nice to easily move pins if pinned mistakingly to wrong bored.","feature request"
"17082","Old way was fine.","information giving"
"17098","Still could use a few minor tweaks but overall very good!","information giving"
"17110","Please restore it back the way it was.","information giving"
"17121","Brynnmlj ,  Every time I open my feed, it crashes same with my profile!","problem discovery"
"17121","They need to make some fixes.","problem discovery"
"17142","Why can you drag and drop whole boards but not the pins within a board?","information seeking"
"17144","Recently many updates including the ability to swipe to pin as well as sending pins to another user have added such great quality to the app.","information giving"
"17157",":p\n\nI highly recommend this app.","information giving"
"17159","Notifications are broken and can  t access sent pins.","problem discovery"
"17166","I may be slightly addicted to it.","information giving"
"17173","I don  t like how you have to comment on them now, how i have to scroll through all my boards to get to one and I really hate how you cant have more than one board open at a time with the x  s in the corner.","problem discovery"
"17173","The bottom just doesn  t work for me.","problem discovery"
"17174","This is my favorite app in the world but all of a sudden it starting to crash again and it is really annoying, PLEASE FIX THIS!!!!!!!!!","problem discovery"
"17180","Great way to pass the time when u need good ideas ,","information giving"
"17181","Once you start you can  t stop!","information giving"
"17185","I love looking at the crisp beautiful images &amp; great ideas that are easy to categorize.","information giving"
"17190","The only thing I hate is the bug that shut it  s down, usually when I inadvertently have too many windows open.","problem discovery"
"17192","I  m addicted, everyone should have a Pinterest!!!!","information giving"
"17217","So far so good, haven  t had any problems with it.","information giving"
"17220","Sure would be nice if the app didn  t crash so often while I  m pinning or just freezes.","problem discovery"
"17224","More updates need to be included with this app in order to keep it moving.","information giving"
"17225","Which one gets you to the list of categories: the home, magnifying glass, plus sign, or person?","information seeking"
"17240","If you   like   a pin, you should not be listed as following them.","information giving"
"17244","Fantastic ideas and the recipes are awesome.","information giving"
"17249","Now it will not load new pins from people I follow and if I click to view people I follow then it crashes and closes the app.","problem discovery"
"17258","Love this app but it crashes too much!!","problem discovery"
"17259","A pretty good representation of the website but took a while to figure out how to save a photo to the camera roll.","information giving"
"17259","The app still crashes a lot and will often lose the page I was on if I switch to another app for a moment   which is really annoying.","problem discovery"
"17273","Not a fan of the new layout, and the app still crashes, even on the most recent iOS platform.","problem discovery"
"17280","Whenever I need an idea for anything, I can find a ton here!","information giving"
"17291","I receive a lot of pins and its frustrating that the pins show up small I think it would be cool if it comes up like the pins do when we are pinning.","feature request"
"17298","Having the pins on the left needs to be moved back to the middle.","feature request"
"17301","I do wish, with all the new updates, they made a slide show option because sometimes I just want to flip through my pins(instead of having to click on each one, one at a time).","information giving"
"17312","I RECOMMEND it to every wedding planner, fashionista, technology mogul, DIY fanatic, food craver, comedic lover, and many more.","information giving"
"17342","Highly recommend it ,","information giving"
"17347","Don  t try to fix something that doesn  t need fixing?","problem discovery"
"17347","Reverse, please!!!","problem discovery"
"17370","I don  t even need any other apps.","information giving"
"17370","How did I ever live without Pinterest?","information giving"
"17374","Only thing I wish it would do would allow me to print from my iPad easily.","feature request"
"17389","The only complaint I have is that it crashes at random times.","problem discovery"
"17394","Though It crashes after a couples minutes on my ipod ,","problem discovery"
"17399","I just miss the you could save the photos in your iPhone but other than that I  m in love with this app!!!","feature request"
"17411","Gives me lots of ideas from tatoos to home decor to building or just make my life easier &amp; more fun!","information giving"
"17414","I use it all the time and I love how it rarely crashes ,","information giving"
"17424","Very well put together but after using for a little bit on my iPhone, the app crashes.","problem discovery"
"17424","When using it on my iPad it crashes and my iPad just shuts off then restarts it  s self.","problem discovery"
"17429","You don  t have to search and search the stuff that interests on the web, its all here, you can also add information you others to see.","information giving"
"17431","I also liked that choosing the board did not close my new pin, not allowing me to make any additional changes to the wording if the pin.","information giving"
"17436","\nOne more thing, a lot of other people and I really liked the alphabet scroll bar for the boards, so it would be nice if you could bring that back with your next bug fix.","information giving"
"17442","My only complaint would be occasional crashes.","problem discovery"
"17449","Please fix the bugs!","problem discovery"
"17451","I LOVE the update, but I can  t enjoy it because it still crashes A LOT!","problem discovery"
"17460","This app crashes at least twice a day and now is not fully loading the activity my pins are getting.","problem discovery"
"17463","I wish I could have the last version back.","feature request"
"17463","I don  t like the pull up menu, please fix!!","problem discovery"
"17466","Please fix it!","problem discovery"
"17467","Please fix ur problem!","problem discovery"
"17468","Please fix it.","problem discovery"
"17470","Please fix this!","problem discovery"
"17473","What happened to my notifications?","information seeking"
"17473","They are only showing the brand new ones, problem is sometimes I don  t get through them all and then I come back...now they are gone!","problem discovery"
"17474","Please please fix this!!!","problem discovery"
"17475","What happened to the related pins that you got at the bottom of a pin?","information seeking"
"17477","I hate that you can no longer see all the other items people pinned when you click on a specific pin.","information giving"
"17477","That was what made this so much fun...the unlimited exploring.","information giving"
"17477","Please fix it.","problem discovery"
"17479","All my past notifications are gone (I liked being able to look through the past ones) and I can  t access related pins, which was really helpful in narrowing down my search results.","information giving"
"17479","Please fix bigs.","problem discovery"
"17481","\nThat  s how I found most of pins and now it  s gone?!!!!?","information giving"
"17482","Please fix this.","problem discovery"
"17484","Thank you for putting the time bar back and it has been crashing for me less thus far.","information giving"
"17485","There are so many times that I  m on Pinterest when I definitely need to be doing other things.","information giving"
"17489","I can barely go on there for a minute with out it crashing ,","problem discovery"
"17490","If you have numerous boards you now have to click to make the keyboard go away if you change the caption or you can  t scroll to the bottom of your board list because the keyboard blocks it.","information giving"
"17490","Why do you now have to reach across the screen to obtain your list of boards?","information seeking"
"17490","Why can you no longer see the number of followers you have on each board?","information seeking"
"17490","Why does your total number of boards no longer show on your main page?","information seeking"
"17490","If was not broken it  should not have been fixed.","information giving"
"17492","Please fix it.","problem discovery"
"17493","Can  t stop pinning!!!","information giving"
"17494","I hate the new layout, the menu bar at the bottom, the way I can  t just tap outside of a box to close it, how the close x has switched sides with the pin it button.","problem discovery"
"17494","\nThe one positive: it hasn  t crashed on me since the update.","information giving"
"17495","I use Pinterest a lot, and version 3.3 still has the same issue as the last couple of updates.","problem discovery"
"17495","Crashes constantly and will occasionally crash my iPad 3.","problem discovery"
"17495","It needs to be fixed not have useless things added on like a map option.","problem discovery"
"17496","What was the point of this last update, to make the app as difficult as possible to use?","information seeking"
"17497","I don  t like that you can  t choose board cover with new update.","information giving"
"17498","It provides an access to ideas for just about any and everything!!!","information giving"
"17499","Great app, would be nice if you could change tags on mobile version.","information giving"
"17503","can  t figure out how to change a board cover after the update ,","information seeking"
"17507","I doubt they even posted them.","information giving"
"17507","Obviously Pinterest is having spam issues.","problem discovery"
"17507","Please clear them up.","information giving"
"17510","Every since I updated to iOS7, this app crashes my whole iPad.","problem discovery"
"17510","Please fix because I don  t like using Pinterest on a browser.","problem discovery"
"17517","Please fix this.","problem discovery"
"17517","Please fix it.","problem discovery"
"17522","How do you change the board cover?","information seeking"
"17523","However, you guys forgot to add the follow count for individual boards.","problem discovery"
"17530","It crashes about five times a day, when it IS working it is awesome.","problem discovery"
"17533","Hopefully the crashing has been fixed when there are a few open pages.","information giving"
"17533","\n\nAlso, why did you remove the number of pins we have per board?","information seeking"
"17536","Please pay attention the the negative feedback.","information giving"
"17537","So what happened to the option of saving photos from Pinterest directly to the camera roll on iPads?","information seeking"
"17538","Totally counterintuitive and just makes things really difficult.","information giving"
"17540","It is not user friendly to navigate, and there is an issue where I can  t pin something because the pin button is out of reach.","information giving"
"17545","Now I can  t email pins and upgrade is sluggish.","information giving"
"17552","Please put it back!","information giving"
"17552","And please add tags bc the search feature becomes useless when my description just says cute or adorable and I have to search my entire board to find something.","feature request"
"17565","About half of attempted re pins fail, the hide &amp; seek bottom dock is a real pain to use, and it much, much harder to navigate in general than the older version.","problem discovery"
"17565","Please bring back the last version or let us down grade from this atrocious unusable fail.","information giving"
"17567","They just need to update the layout I fill like everything is hidden I want a better task bar.","feature request"
"17569","This version has crashed many more times than previous ones.","problem discovery"
"17570","boards/subjects should have some type of restrictions or distinguishing   key phrases.","feature request"
"17573","No more crashes, and I  m happy once again.","problem discovery"
"17574","App is crashing when trying to send a direct message via email.","problem discovery"
"17575","The look is bland, and apparently Pinterest has forgotten tons of their pinners are DIY and crafting nuts.as you can probably can tell, I may have a slight problem with Pinterest.","problem discovery"
"17575","Just PLEASE fix it, then I will love you so.","problem discovery"
"17579","Please fix this.","problem discovery"
"17582","Love the app but when I open the notifications it crashes.","problem discovery"
"17583","Please know I adore this app .","information giving"
"17583","Just please fix this bug.","problem discovery"
"17585","But is there a way for used to filter out certain topics, like tattoos and wedding dresses?","information seeking"
"17587","So, the app is totally worthless to me when I am doing everything right and it  s not working.","problem discovery"
"17589","I updated my iPhone app and now when I open the app all the pages are blank.","problem discovery"
"17590","BSRA1028 ,  I love this app but ever since I updated it it does not work.","problem discovery"
"17591","Please fix this   very annoying and limits my use of the site.","problem discovery"
"17593","I updated the app and now no pins will show in the news feed or in the categories.","problem discovery"
"17594","Please fix it!","problem discovery"
"17595","I  m quite annoyed and would really like them to fix this situation.","problem discovery"
"17595","Please fix this because otherwise I LOVE this app but it is useless to me if I can  t view ANYTHING!","problem discovery"
"17603","Please restore a way to open pin links in external browser or let us save photos.","feature request"
"17604","I just wish that you could have more secret boards.","feature request"
"17606","Any app that crashes is terrible.","problem discovery"
"17606","Pinterest crashes  your iPad to the boot screen.","problem discovery"
"17606","I can  t think of one instance of another app doing this.","information giving"
"17608","If I had to say there was a problem it would be that this app is too addicting!!!!!!","problem discovery"
"17612","This needs to be fixed.","problem discovery"
"17616","The addition of secret boards was a great idea!","information giving"
"17619","If only every pin had a direct link to how to buy it or the items inside.","feature request"
"17621","Where are the categories?","information seeking"
"17623","I use this for home and work just to get new ideas.","information giving"
"17624","I love this app but I would also love if they added a way you can see pins people sent you &amp; pins you sent to other people!","information giving"
"17633","I love seeing what others ideas are.","information giving"
"17636","The app crashes my iPad since iOS 7 update.","problem discovery"
"17637","What happened?","information seeking"
"17643","Please bring that back.","feature request"
"17647","Please bring back the save to camera roll.","feature request"
"17649","Prior to newest update: Love app, only problem is sometimes when I want to pin, it won  t let me click pin.","problem discovery"
"17650","It has everything I need!!","information giving"
"17659","BUT...every time I go to a website from a pin then come back, it crashes!!!","problem discovery"
"17668","Can  t email cause it crashes every time.","problem discovery"
"17668","Please repost the old one so we can downgrade.","feature request"
"17682","Except how do I change my board cover pin?","information seeking"
"17683","So glad they added a business profile!","information giving"
"17684","I just love all the personalizing you can do.","information giving"
"17686","I can  t find any help on the devloper  s pages or online, so what am i to do?","information seeking"
"17697","Please bring back the old.","feature request"
"17700","Please change it back, I hate everything about it!","feature request"
"17703","Still crashes since updated my iPad 3 with IOS 7.","problem discovery"
"17704","If you are on Pinterest...you need this.","information giving"
"17706","Seriously, I can  t find them now....epic fail.","problem discovery"
"17707","I am unable to post a comment...the message I get is: 'You have exceeded your rate.'","problem discovery"
"17707","We think you were trying to post content that might be spam.","information giving"
"17709","I love this app but now I can  t open the pages and I can only see the pins but when I click on them I can  t go to the websites.","problem discovery"
"17716","I just wish it would allow your to scroll through the home page with one column rather than 2 on the iPhone.","feature request"
"17717","You can pretty much anything you want to know or design in here.","information giving"
"17718","\nI need more hours in a day.","information giving"
"17729","Never had issues with the app.","information giving"
"17742","Now it crashes randomly, and often.","problem discovery"
"17744","My daughter has created a bunch of items from this app!","information giving"
"17745","I have had no problems with it.","information giving"
"17760","There are so many great ideas, yummy recipes, and hillarious ecards.","information giving"
"17767","It  s okay, sometimes it can be buggy but since my last update I haven  t had a problem!","information giving"
"17770","Only issue I have is that is will refuse to let me pin once in awhile and that gets frustrating, but otherwise I love it!","problem discovery"
"17781","I do not like how some pins lead you to a dead site, those should be removed.","feature request"
"17784","I love Pintrest so much it gives me so many craft ideas or just keeps me busy when I  m bored!","information giving"
"17787","I don  t have any problems and you can find about anything you  re looking for ?","information giving"
"17790","Makes it difficult to find things, since I have to try and remember WHEN I created the board, to make it easier to find.","problem discovery"
"17795","Please fix it!","problem discovery"
"17797","I  ve also had issues with some pins not being clickable.","problem discovery"
"17798","I love the app but it crashes every  minute and never saves the thing I was about to pin!","problem discovery"
"17801","I can  t stop ,","information giving"
"17806","The iPad version has several problems, including stacking open windows in the background, not alphabetizing new categories on your page, and frequent unexpected program crashes.","problem discovery"
"17823","What ever I need some inspiration for I can surely find it here!","information giving"
"17836","but since upgrading to iOS 7, the app frequently crashes.","problem discovery"
"17836","Please fix the stability!!","problem discovery"
"17837","Please fix this ASAP!","problem discovery"
"17863","That creates a problem for me because it is my ADDICTION !!","information giving"
"17865","The latest revision of the app has had some stability problems.","problem discovery"
"17873","But, the new update keeps crashing the app every time I try to open a pin.","problem discovery"
"17873","Please fix it!","problem discovery"
"17880","I love being able to use Pinterest thru the app but it seems to be having problems.","problem discovery"
"17881","The only issue I have is that some of the pins have no link...you click the picture and that  s all you get is the photo.","problem discovery"
"17883","Amazing ideas and the imagination is endless.","information giving"
"17885","Also, how in the world do you communicate with someone or send them a pin?","information seeking"
"17890","It is my go to app when I need an idea.","information giving"
"17895","Excellent app, though it occasionally crashes when browsing through it.","problem discovery"
"17906","Push notifications are not working on my iphone although it  s set up properly and when you open a sent pin while in email on the iPad, it forces Safari to open, it does not open it in the App.","problem discovery"
"17915","It has everything you need!","information giving"
"17919","Please fix....please please please ,","problem discovery"
"17920","Adriano Plotzki ,  I  ve been reading many tips about how to sleep without Pinterest, but I still can  t do it.","information giving"
"17923","I love the app, but it hate that you can  t see the time while you  re in it.","information giving"
"17924","I learned how to pin my own pics.","information giving"
"17931","Great app but newest update crashes often when pinning on my iPad.","problem discovery"
"17935","If anyone knows how to do this please post.","information seeking"
"17942","Only problem for me is once I start I can  t get off.","information giving"
"17948","Every time I get on, it crashes and causes my iPad to restart.","problem discovery"
"17952","It is amazing how much fun you can have with it.","information giving"
"17957","Everything I ever need is right here on this app, I get soo many inspiring ideas from any category.","information giving"
"17962","It appears all bugs have been fixed, but are not.","problem discovery"
"17964","Great service   almost great app\n\nBasic function is there  but I can  t wait until its fully functional!","information giving"
"17964","Why is it so hard to fund menu items?","information seeking"
"17966","s Next Partner :) ,  ...except the fact that whenever I  m in the middle of reading an extra long pin, it crashes!","problem discovery"
"17966","Sometimes, if I  ve just been on it for a while it crashes.","problem discovery"
"17967","As much as I like to lose myself in Pinterest, I like to have some sense of time while browsing around in this app.","information giving"
"17970","All your ideas, needs and wants!!","information giving"
"17971","I am one of the many who is not able to use this app.","problem discovery"
"17972","Love Pinterest but there has been a lot if crashing since the last update.","problem discovery"
"17982","It would be nice if one could rearrange boards on page to have categories that are similar be next to each other, or just to be able to arrange the boards on page to ones liking.","feature request"
"17982","Also I have been having problems with constant crashing and pins that lead to nowhere.","problem discovery"
"17986","Please fix this!","problem discovery"
"17988","Get ready to find all the things you didn  t even know you wanted to do/ have!","information giving"
"17994","I love Pinterest but I can  t open it anymore without it crashing.","problem discovery"
"18000","However one frustrating development is when I  m deeper into links (say I follow a pin to its site, click on another link and want to pin from there) the app consistently crashes.","problem discovery"
"18000","It would be cool to see some type of messaging system integrated where you could suggest a pin to a friend or be alerted if one of your friends commented on something you pinned.","feature request"
"18006","It  s easy and doesn  t crash often ,","information giving"
"18014","Please fix this.","problem discovery"
"18016","Please fix this!","problem discovery"
"18023","Just love it.","information giving"
"18029","Amylovescats ,  Don  t download this app if u want to have a life outside of Pinterest.","information giving"
"18033","Everything you need will be here.","information giving"
"18040","I highly recommend this app!","information giving"
"18042","I liked the previous version of the app, but now there are way to many advertisements that pop up when I am pinning.","problem discovery"
"18049","The only issue is that every once in a while, it kicks me out of the app.","problem discovery"
"18055","What did we do before Pinterest!?","information seeking"
"18056","s Team ,  If you have not tried it you are totally missing out.","information giving"
"18064","Love Pinterest BUT app crashes quite often :/ ,","problem discovery"
"18068","I did some research and it turns out many ppl have this problem and it  s a Pinterest app specific problem.","problem discovery"
"18068","Please release an update to fix this.","feature request"
"18068","No complaints whatsoever except that the app crashes from time to time on my ipad air.","problem discovery"
"18087","Ever since the last update it crashes constantly and makes it very frustrating to use!","problem discovery"
"18088","Ever since the latest update my iPad app crashes several times a session when clicking on specific pins.","problem discovery"
"18101","Highly recommend this app.","information giving"
"18102","However I wish there was an way to alphabetize my boards!","feature request"
"18106","I greatly enjoy Pinterest, the only problem I find with it is that I can  t go back to the same place I was once I click on something, while on my windows phone ,","problem discovery"
"18115","How can u not LOVE this app?","information seeking"
"18116","Now I can  t open links in safari and when I look at other people  s boards   hardly any of their boards and pins load (you can tell by their pin count).","problem discovery"
"18118","My only complaints would be that sometimes it unexpectedly crashes, which sometimes makes me lose great pins.","problem discovery"
"18127","Anytime you need an idea for any reason, it  s here at your fingertips.","information giving"
"18128",":/ please fix this!","problem discovery"
"18134","But the new update causes crashes everytime I try to open notifications ?","problem discovery"
"18135","s iTunes ,  Constantly crashes my iPad!","problem discovery"
"18136","There are a few issues I  ve experienced with uploading certain pictures and being able for others to view.","problem discovery"
"18147","However, it is crashing and shutting down the device so it must reboot.","problem discovery"
"18149","The update crashes my iPad when I try to open a pin..but other than that I am totally obsessed with it and love all the ideas I get from it ,","problem discovery"
"18150","Now that you added the ability to upload pics I  m happy to give you 5 stars!","information giving"
"18152","Why does the app always crash when I try to send a pin from my iPad?","information seeking"
"18161","I liked how you could back swipe to return to the pervious page of posts now it goes to another pin.","information giving"
"18171","But I wish you could move more than one pin at a time to a new board.","feature request"
"18174","You can create your own boards and see what all of your friends are pinning.","information giving"
"18174","Definitely recommended for anyone who is looking for a fun and productive way to pass the time.","information giving"
"18184","I love selecting my favs and adding a few of my own pix.","information giving"
"18187","Never had a problem with crashing ,","information giving"
"18201","I can get everything I need in one place from food to crafts to funny pictures to wedding ideas.","information giving"
"18201","It is amazing and I highly recommend it to anyone that hasn  t tried it.","information giving"
"18214","I can save things I want to see later by just pinning them.","information giving"
"18226","Great app love the site only gets a 4 because I can  t pin directly from iPhone and lets face who uses their computer that often anymore.","information giving"
"18231","There are really good ideas for home decor, cooking, crafting, etc., but my favorite feature is travel photos and all the amazing places one can add to one  s bucket list.","information giving"
"18237","This app really helps you keep organized with everything you might want to do or have done or love or want to remember.","information giving"
"18245","I  ve been wanting to get Pinterest on the go, and so far I  ve been very happy with this app :) I haven  t had to deal with updates yet, but I love how its still just as easy to use on my iPhone as it is to use on a tablet or computer!","information giving"
"18254","Now it is so frustrating.....crashes constantly on my iPad.","problem discovery"
"18254","Every so many pins, searches or even pulling up my owns pins....it CRASHES.","problem discovery"
"18256","Sorry before I forgot the rating.","information giving"
"18261","There are so many ideas and themes.....you could explore forever.","information giving"
"18263","Viewing so many places in the world to get 'traveling' ideas, \n'how to' fix things in your house, hair, makeup, etc., &amp; amazing party ideas.","information giving"
"18263","\nI can find anything from beautiful Art or photos of celebrities, flower ideas (bouquets or arrangements)\nPinterest is such a helpful &amp; useful app that I can  t live without.","information giving"
"18263","It has made my daily life so much easier.","information giving"
"18267","No matter what you  re into and what you  re looking for, it  s here!!","information giving"
"18281","The only problem is that I spend so much time surfing for ideas that I run out of time to do them!","problem discovery"
"18292","I am addicted to pinterest but when I updated it,I can  t open the app or even on safari!!","problem discovery"
"18300","One of them was Create a Pin in Pinterest.","information giving"
"18303","It crashes every time I close a pin I was looking at.","problem discovery"
"18307","Have to copy link and open in a browser, otherwise I just get a grey screen.","problem discovery"
"18322","The app is great, but not when it is crashing my iPad.","problem discovery"
"18322","Ever since the update, when the screen orientation is changed, the app crashes and the iPad goes right along with it.","problem discovery"
"18326","It repeatedly crashes and resets.","problem discovery"
"18326","\n\nUpdate: this is the third update since I originally wrote this review and it  s still crashing on a regular basis.","problem discovery"
"18329","Best ideas, people are so creative and I think I  m addicted!","information giving"
"18333","Please continue it always.","information giving"
"18335","I plan to get all my associates hooked on it.","information giving"
"18342","Love love love it lots of inspiration and you can find anything you need ,","information giving"
"18356","I wish you were able to create sub boards.","feature request"
"18357","My entire iPad crashes when I  m using Pinterest since the update.","problem discovery"
"18358","I never have any problems with this app!","information giving"
"18366","I also have a problem with it crashing.","problem discovery"
"18370","I am addicted to Pinterest, but it is always crashing.","problem discovery"
"18374","I just love this App!","information giving"
"18386","I love pinterest I can  t stop looking at stuff!!","information giving"
"18387","Sometimes I am unable to see my pins/likes/boards but it  s coming along.","problem discovery"
"18388","This app never fails to surprise me!","information giving"
"18405","I love this app but it crashes my whole iPad and it has to restart itself.","problem discovery"
"18408","Please fix this bug!","problem discovery"
"18412","This creates a stack of open pages.","information giving"
"18412","I have to manually close pages under the one I am looking at or the program will crash after just a few clicks.","problem discovery"
"18420","I love this site, but it has been crashing since the last update.","problem discovery"
"18434","Pinterest crash and burns harder than a Ford Pinto.","problem discovery"
"18434","The crashing bug needs to be fixed before adding more crap we can  t use.","problem discovery"
"18434","This needs to be fixed....why is it you won  t show my review?","problem discovery"
"18435","It  s perfect when I  m on the go and I need to look up something I  ve saved.","information giving"
"18437","I  ve found so many good ideas and recipes and its so easy to organize them so you can use them later.","information giving"
"18445","Application crashes after trying to open link up.","problem discovery"
"18445","Please fix otherwise awesome App.","problem discovery"
"18447","I  m completely addicted and the updates have just added to my addiction.","information giving"
"18447","I can  t pin fast enough.","information giving"
"18450","Can  t open pins!!","problem discovery"
"18457","Never have I gotten so many ideas to be creative .","information giving"
"18464","As an elementary art teacher, I could not have a better app on my phone, so many good ideas ,","information giving"
"18471","The only bad thing is that it crashes quite a bit.","problem discovery"
"18478","The app crashes entirely too much.","problem discovery"
"18481","App constantly crashes.","problem discovery"
"18481","If you try to send a pin to someone, pin something, viewed one of your boards  app will either just crash or you get blue screen and ipad restarts itself.","problem discovery"
"18484","My app has continually been crashing.","problem discovery"
"18484","Please get it fixed!!!","problem discovery"
"18490","I love the app, I get lots of recipes and am able to open it when I  m at the grocery store and see what I need to buy for recipes and then when I  m cooking its easy to follow the recipe right from my phone!!","information giving"
"18495","Love the App big time BUT after this last update, it would seem, it crashes all the time.","problem discovery"
"18503","It  s the first place I look to when I need something.","information giving"
"18524",":) the new updates on this app make it much more stable and I like you can now make Pinterest folders within the app.","information giving"
"18526","I hate it when it crashes my iPad though &amp; has been difficult to open pins at times.","problem discovery"
"18530","The one thing that is missing &amp; something I  d like to see is red light notifications like the website version has.","feature request"
"18532","With the new iOS and app update, I can  t open ANY of my pins, or any of the links in safari through the app.","problem discovery"
"18534","I totally recommend it!!!","information giving"
"18536","Pintrest is the greatest, all ideas are great, just need clear and full recipes.","information giving"
"18544","I am so disappointed with the Pinterest IPad App at how it continues to crash when attempting to open the pinned links.","problem discovery"
"18544","Please fix this as soon as possible, as this app played an important role in my leisure time.","problem discovery"
"18548","The ideas are endless.","information giving"
"18550","Can  t open pictures to view larger and on the rare when I can, I can  t open the URL.","problem discovery"
"18557","Please fix it!","problem discovery"
"18560","Addictive app filled with craft ideas and step by step tutorials on how to create them.","information giving"
"18570","Just love it!","information giving"
"18583","Who needs a cookbook anymore when I have Pinterest!","information giving"
"18600","I have had op problems with this app.","problem discovery"
"18607","Save all your how to videos in one place; all your renovation ideas; party planning ideas; dream decorating ideas; plan for what to do in your garden next year.","information giving"
"18608","However, it does not always work (when I absolutely know I have a pin with that word in the description).","problem discovery"
"143531","Whtsap is hngng smetms...nw need an updte whch cn imprve whtsap...please give updte quckly ,","problem discovery"
"143628","Art support	Waiting for the update since a month, all the other apps except whatsapp supports it;coz of which I can  t use art. ","feature request"
"143666","NICE	Please fix the Whatsapp..all my contact profile picture cannot see. ","problem discovery"
"143704","Earlier it was running awesome but since d last update its running very slowly, plz resolve d prob!!!","problem discovery"
"143713","why	why my whatsapp have not settings ?","information seeking"
"143726","Good	I cannot see the last seen statements though?","information giving"
"143739","How abt u give the android users the same functionality?","feature request"
"143754","Crashes	App crashes frequently on HTC phone.","problem discovery"
"143770","above average as it needs more emotions.","feature request"
"143773","Installation problem	I am not able to install whatsapp on lenovo A269I","problem discovery"
"143862","Four stars	Its a wonderful app and provides a good way to stay in contact with peepz but its needs more improvement especially in de area of speed","problem discovery"
"143892","Not happy	I want d developer to improve the app cz I updated my fone to 4.1.1 and the app is not working","problem discovery"
"143898","New Flags added does nt work.plz update.","problem discovery"
"143928","Please make an Update of LAST SEEN FREEZE or HIDE LAST SEEN options.","feature request"
"143928","85 out of 100 need this kind of Update.","information giving"
"143935","Media sharing	Its good but can be better and if mb in media sharing can incresed then it will be excenlt so please improve it so that I can give it 5 stars","feature request"
"143955","Please Add More Features	Please Add More Features Like Whatsapp +(plus)","feature request"
"143957","Its not at all connecting.please sort it down ,","problem discovery"
"143959","No block list	as i updated No block list,","information giving"
"143962","It should have a built in protection system.","feature request"
"143994","Great	Great app but need some improvement for IOS devices","information giving"
"144018","Please i need your help.","information giving"
"144023","Cool app	Please make sure that we can delete media received from memory and not just from chat.","information giving"
"144029","They have to fix the update feature properly so that it done at a one go and possibly twice for it to activate previous whatapps conversation account.","problem discovery"
"144032","Is that true and if so why can  t you set it up?","information seeking"
"144060","S4	Please we need a Zimbabwean flag","feature request"
"144072","Using too much memory	Whatsapp is using too much memory You have to do something whatsapp team for users having low memory","problem discovery"
"144081","Payements	Good but why can  t it be free like skype?","information seeking"
"144086","I cant download image and videos sent	when i try to download image or videos, it says ""download was unable to complete, please try again later"".","problem discovery"
"144086","i have tried to uninstall, the problem is still the same.","problem discovery"
"144105","Please Check the problem.","information giving"
"144132","Some defect	Please correct this defect when will listen to a voice note than the screen becomes whole black and we are not able to clearly hear the voice in my s4","problem discovery"
"144189","What is error 927?","information seeking"
"144189","Whats up is fail to download...is there any solution?","information seeking"
